{
   "Items" : [
      {
         "camPos" : 0,
         "matrixD" : [
            0.13828100264072418,
            0.025172000750899315,
            -0.030962999910116196,
            0.0050189998000860214
         ],
         "matrixK" : [
            304.00711059570312,
            638.46905517578125,
            304.07843017578125,
            399.956298828125
         ],
         "matrixR" : [
            0.9999077320098877,
            0.013281268067657948,
            0.0028504009824246168,
            0.011401161551475525,
            -0.70648950338363647,
            -0.70763170719146729,
            -0.0073844678699970245,
            0.70759892463684082,
            -0.70657569169998169
         ],
         "vectT" : [ -0.84715473651885986, 1.4149998426437378, 0.048291906714439392 ]
      },
      {
         "camPos" : 1,
         "matrixD" : [
            0.13828100264072418,
            0.025172000750899315,
            -0.030962999910116196,
            0.0050189998000860214
         ],
         "matrixK" : [
            304.00711059570312,
            638.46905517578125,
            304.07843017578125,
            399.956298828125
         ],
         "matrixR" : [
            -0.022313283756375313,
            -0.99942600727081299,
            -0.025490652769804001,
            -0.42367550730705261,
            0.032547153532505035,
            -0.90522909164428711,
            0.90553915500640869,
            -0.0093988692387938499,
            -0.42415857315063477
         ],
         "vectT" : [ 0.059268161654472351, 1.551242470741272, -1.7849878072738647 ]
      },
      {
         "camPos" : 2,
         "matrixD" : [
            0.13828100264072418,
            0.025172000750899315,
            -0.030962999910116196,
            0.0050189998000860214
         ],
         "matrixK" : [
            304.00711059570312,
            638.46905517578125,
            304.07843017578125,
            399.956298828125
         ],
         "matrixR" : [
            -0.0050642462447285652,
            0.99997830390930176,
            -0.0042173806577920914,
            0.57962369918823242,
            -0.00050133001059293747,
            -0.81488406658172607,
            -0.8148685097694397,
            -0.006571267731487751,
            -0.57960861921310425
         ],
         "vectT" : [ -0.0093525871634483337, 1.6328115463256836, -1.2982170581817627 ]
      },
      {
         "camPos" : 3,
         "matrixD" : [
            0.13828100264072418,
            0.025172000750899315,
            -0.030962999910116196,
            0.0050189998000860214
         ],
         "matrixK" : [
            304.00711059570312,
            638.46905517578125,
            304.07843017578125,
            399.956298828125
         ],
         "matrixR" : [
            -0.99970918893814087,
            0.015451491810381413,
            -0.018514061346650124,
            0.024044517427682877,
            0.69723385572433472,
            -0.71644037961959839,
            0.0018385585863143206,
            -0.71667718887329102,
            -0.69740265607833862
         ],
         "vectT" : [ 0.77491265535354614, 1.4063217639923096, 0.050552189350128174 ]
      }
   ]
}
