{
   "Items" : [
      {
         "matrixR" : [
            0.004488679114729166,
            -0.99953180551528931,
            -0.030265567824244499,
            0.085229203104972839,
            0.030538139864802361,
            -0.99589323997497559,
            0.99635124206542969,
            0.0018907351186499,
            0.085326381027698517
         ],
         "vectT" : [ -0.01513278391212225, -0.49794661998748779, 0.042663190513849258 ]
      }
   ]
}
