{
   "Items" : [
      {
         "matrixR" : [
            -0.99970918893814087,
            0.015451491810381413,
            -0.018514061346650124,
            0.024044517427682877,
            0.69723385572433472,
            -0.71644037961959839,
            0.0018385585863143206,
            -0.71667718887329102,
            -0.69740265607833862
         ],
         "vectT" : [ -1.2188316583633423, 1.6390578746795654, 0.72472625970840454 ]
      }
   ]
}
