{
   "Items" : [
      {
         "matrixR" : [
            0.9999077320098877,
            0.013281268067657948,
            0.0028504009824246168,
            0.011401161551475525,
            -0.70648950338363647,
            -0.70763170719146729,
            -0.0073844678699970245,
            0.70759892463684082,
            -0.70657569169998169
         ],
         "vectT" : [ 1.1556215286254883, 1.6139088869094849, 0.70633095502853394 ]
      }
   ]
}
