{
   "Items" : [
      {
         "matrixR" : [
            -0.0011291372356936336,
            0.99999576807022095,
            -0.0026732957921922207,
            0.12923437356948853,
            -0.0025049566756933928,
            -0.99161088466644287,
            -0.99161344766616821,
            -0.0014651465462520719,
            -0.12923100590705872
         ],
         "vectT" : [ 0.00056456861784681678, -0.064617186784744263, 0.49580672383308411 ]
      }
   ]
}
