{
   "Items" : [
      {
         "matrixR" : [
            0.9999077320098877,
            0.013281268067657948,
            0.0028504009824246168,
            0.011401161551475525,
            -0.70648950338363647,
            -0.70763170719146729,
            -0.0073844678699970245,
            0.70759892463684082,
            -0.70657569169998169
         ],
         "vectT" : [ -2.4430487155914307, 1.3251935243606567, 0.48561352491378784 ]
      }
   ]
}
