{
   "Items" : [
      {
         "camPos" : 0,
         "matrixD" : [
            0.13828100264072418,
            0.025172000750899315,
            -0.030962999910116196,
            0.0050189998000860214
         ],
         "matrixK" : [
            304.00711059570312,
            638.46905517578125,
            304.07843017578125,
            399.956298828125
         ],
         "matrixR" : [
            0.99983614683151245,
            0.018070820719003677,
            -0.0010433198185637593,
            0.011837296187877655,
            -0.69637256860733032,
            -0.7175828218460083,
            -0.013693850487470627,
            0.71745288372039795,
            -0.6964724063873291
         ],
         "vectT" : [ -0.85269761085510254, 1.4087384939193726, 0.057503011077642441 ]
      },
      {
         "camPos" : 1,
         "matrixD" : [
            0.13828100264072418,
            0.025172000750899315,
            -0.030962999910116196,
            0.0050189998000860214
         ],
         "matrixK" : [
            304.00711059570312,
            638.46905517578125,
            304.07843017578125,
            399.956298828125
         ],
         "matrixR" : [
            0.00088746316032484174,
            -0.99998015165328979,
            0.0062388316728174686,
            -0.27304238080978394,
            -0.0062440815381705761,
            -0.96198171377182007,
            0.96200162172317505,
            -0.00084974209312349558,
            -0.27304250001907349
         ],
         "vectT" : [ -0.010341858491301537, 1.0382217168807983, -2.037029504776001 ]
      },
      {
         "camPos" : 2,
         "matrixD" : [
            0.13828100264072418,
            0.025172000750899315,
            -0.030962999910116196,
            0.0050189998000860214
         ],
         "matrixK" : [
            304.00711059570312,
            638.46905517578125,
            304.07843017578125,
            399.956298828125
         ],
         "matrixR" : [
            -0.0091419871896505356,
            0.9999535083770752,
            0.0030722008086740971,
            0.57018882036209106,
            0.0077367615886032581,
            -0.82147723436355591,
            -0.82146281003952026,
            -0.0057581998407840729,
            -0.57023298740386963
         ],
         "vectT" : [ -0.0037807573098689318, 1.617422342300415, -1.2502557039260864 ]
      },
      {
         "camPos" : 3,
         "matrixD" : [
            0.13828100264072418,
            0.025172000750899315,
            -0.030962999910116196,
            0.0050189998000860214
         ],
         "matrixK" : [
            304.00711059570312,
            638.46905517578125,
            304.07843017578125,
            399.956298828125
         ],
         "matrixR" : [
            -0.99974733591079712,
            0.015010966919362545,
            -0.016732031479477882,
            0.022462364286184311,
            0.69546908140182495,
            -0.71820485591888428,
            0.00085566152120009065,
            -0.71839922666549683,
            -0.69563055038452148
         ],
         "vectT" : [ 0.84257185459136963, 1.4113653898239136, 0.049613818526268005 ]
      }
   ]
}
